customer_id,attrition_risk_proxy,risk_score,risk_category
CUST00001,Low,0.425546843,Medium
CUST00002,Medium,0.277369584,Low
CUST00003,Low,0.625971244,Medium
CUST00004,Low,0.345574319,Medium
CUST00005,Low,0.343608502,Medium
CUST00006,Low,0.689617896,High
CUST00007,Low,0.286501357,Low
CUST00008,Low,0.174081844,Low
CUST00009,Medium,0.462686824,Medium
CUST00010,Medium,0.283769974,Low
CUST00011,Low,0.151277577,Low
CUST00012,High,0.682780756,High
CUST00013,Medium,0.257539651,Low
CUST00014,High,0.351847771,Medium
CUST00015,Low,0.444256082,Medium
CUST00016,High,0.909993769,High
CUST00017,High,0.74084868,High
CUST00018,High,0.58980878,Medium
CUST00019,Medium,0.392547787,Medium
CUST00020,Low,0.611978688,Medium
CUST00021,Low,0.411094883,Medium
CUST00022,Low,0.25770424,Low
CUST00023,High,0.610841843,Medium
CUST00024,Low,0.674678025,High
CUST00025,High,0.51009396,Medium
CUST00026,High,0.471407716,Medium
CUST00027,High,0.765166095,High
CUST00028,Low,0.203327821,Low
CUST00029,Low,0.21150902,Low
CUST00030,High,0.556900753,Medium
CUST00031,Medium,0.442804283,Medium
CUST00032,Low,0.180100292,Low
CUST00033,Low,0.156573955,Low
CUST00034,Low,0.50416383,Medium
CUST00035,Medium,0.456432603,Medium
CUST00036,Low,0.177641772,Low
CUST00037,Low,0.302482646,Low
CUST00038,Low,0.49096017,Medium
CUST00039,High,0.750425585,High
CUST00040,Low,0.230504154,Low
CUST00041,High,0.695695081,High
CUST00042,Low,0.33060713,Medium
CUST00043,Medium,0.317704152,Low
CUST00044,Low,0.251997735,Low
CUST00045,Low,0.20426185,Low
CUST00046,High,0.72749229,High
CUST00047,Low,0.261440253,Low
CUST00048,Low,0.40223354,Medium
CUST00049,Low,0.310747336,Low
CUST00050,Low,0.176777257,Low
CUST00051,Medium,0.418021087,Medium
CUST00052,High,0.796018907,High
CUST00053,High,0.291715743,Low
CUST00054,High,0.760015304,High
CUST00055,Medium,0.519848237,Medium
CUST00056,Medium,0.398724755,Medium
CUST00057,Medium,0.481711779,Medium
CUST00058,Medium,0.615514195,Medium
CUST00059,High,0.792627305,High
CUST00060,Low,0.19549027,Low
CUST00061,Low,0.180226238,Low
CUST00062,High,0.71124968,High
CUST00063,Medium,0.345052122,Medium
CUST00064,Low,0.614534718,Medium
CUST00065,Medium,0.330329214,Medium
CUST00066,Low,0.355066689,Medium
CUST00067,High,0.911260197,High
CUST00068,Low,0.318760132,Low
CUST00069,Low,0.338917106,Medium
CUST00070,Low,0.389082439,Medium
CUST00071,Medium,0.280246425,Low
CUST00072,High,0.497688981,Medium
CUST00073,Low,0.302279719,Low
CUST00074,High,0.882246139,High
CUST00075,High,0.880385688,High
CUST00076,Low,0.27055251,Low
CUST00077,Medium,0.354204586,Medium
CUST00078,Medium,0.436289542,Medium
CUST00079,Low,0.279239124,Low
CUST00080,Medium,0.589374454,Medium
CUST00081,Low,0.308452542,Low
CUST00082,Low,0.245167439,Low
CUST00083,Low,0.66390132,High
CUST00084,Medium,0.41054582,Medium
CUST00085,Low,0.678969326,High
CUST00086,Medium,0.176670878,Low
CUST00087,High,0.676381631,High
CUST00088,High,0.611652412,Medium
CUST00089,Low,0.232887087,Low
CUST00090,High,0.796489068,High
CUST00091,High,0.644908816,Medium
CUST00092,Low,0.386689993,Medium
CUST00093,High,0.802410755,High
CUST00094,High,0.787734008,High
CUST00095,Low,0.251310393,Low
CUST00096,High,0.784978303,High
CUST00097,Low,0.444788809,Medium
CUST00098,Medium,0.257327604,Low
CUST00099,Low,0.419846666,Medium
CUST00100,High,0.673339782,High
CUST00101,Low,0.442642528,Medium
CUST00102,Low,0.597617013,Medium
CUST00103,Low,0.277721475,Low
CUST00104,High,0.210140352,Low
CUST00105,Low,0.428778503,Medium
CUST00106,Low,0.270619924,Low
CUST00107,Low,0.31947666,Low
CUST00108,Low,0.589351768,Medium
CUST00109,Low,0.225145444,Low
CUST00110,Low,0.210717253,Low
CUST00111,Low,0.341787145,Medium
CUST00112,Low,0.198802621,Low
CUST00113,Low,0.398643998,Medium
CUST00114,High,0.636329197,Medium
CUST00115,Medium,0.286351415,Low
CUST00116,High,0.547881367,Medium
CUST00117,Low,0.219092771,Low
CUST00118,Low,0.434815488,Medium
CUST00119,Medium,0.350257771,Medium
CUST00120,Low,0.341406125,Medium
CUST00121,Low,0.492321621,Medium
CUST00122,Medium,0.437401437,Medium
CUST00123,Medium,0.324148479,Low
CUST00124,High,0.900485375,High
CUST00125,Low,0.20429744,Low
CUST00126,Medium,0.623680629,Medium
CUST00127,Low,0.19011672,Low
CUST00128,Low,0.487698371,Medium
CUST00129,Low,0.272209622,Low
CUST00130,Low,0.283608994,Low
CUST00131,Medium,0.557121129,Medium
CUST00132,High,0.810036468,High
CUST00133,Low,0.570592511,Medium
CUST00134,Low,0.326311006,Low
CUST00135,Low,0.364484424,Medium
CUST00136,High,0.698781068,High
CUST00137,High,0.793045838,High
CUST00138,Medium,0.432687414,Medium
CUST00139,Medium,0.498708372,Medium
CUST00140,Medium,0.359921984,Medium
CUST00141,Medium,0.524764365,Medium
CUST00142,Medium,0.631466535,Medium
CUST00143,Low,0.36850781,Medium
CUST00144,Low,0.237241396,Low
CUST00145,Low,0.458858272,Medium
CUST00146,Medium,0.425720266,Medium
CUST00147,High,0.787549191,High
CUST00148,High,0.538026084,Medium
CUST00149,Medium,0.417646546,Medium
CUST00150,Low,0.240388309,Low
CUST00151,High,0.892088348,High
CUST00152,High,0.298158776,Low
CUST00153,Low,0.248013053,Low
CUST00154,Medium,0.492943675,Medium
CUST00155,Low,0.131993021,Low
CUST00156,Low,0.212787343,Low
CUST00157,Low,0.138409354,Low
CUST00158,High,0.587848861,Medium
CUST00159,Medium,0.458550306,Medium
CUST00160,High,0.581069476,Medium
CUST00161,Low,0.254138021,Low
CUST00162,High,0.72979074,High
CUST00163,High,0.558055293,Medium
CUST00164,Low,0.605369198,Medium
CUST00165,Low,0.340764387,Medium
CUST00166,Low,0.282577896,Low
CUST00167,Low,0.424319662,Medium
CUST00168,Low,0.183731921,Low
CUST00169,Low,0.244500641,Low
CUST00170,High,0.487415341,Medium
CUST00171,Medium,0.196676458,Low
CUST00172,Low,0.446975393,Medium
CUST00173,Low,0.172213432,Low
CUST00174,High,0.833405353,High
CUST00175,Low,0.385799362,Medium
CUST00176,High,0.66266839,High
CUST00177,Low,0.668532987,High
CUST00178,Medium,0.481985881,Medium
CUST00179,Medium,0.207994591,Low
CUST00180,Low,0.210309554,Low
CUST00181,Low,0.195442527,Low
CUST00182,High,0.894095807,High
CUST00183,High,0.757192335,High
CUST00184,High,0.889622719,High
CUST00185,High,0.371038326,Medium
CUST00186,High,0.826599313,High
CUST00187,Medium,0.679824635,High
CUST00188,Low,0.24410061,Low
CUST00189,High,0.704625245,High
CUST00190,High,0.446000426,Medium
CUST00191,Medium,0.185266045,Low
CUST00192,Medium,0.421664609,Medium
CUST00193,Low,0.366010705,Medium
CUST00194,Low,0.18175817,Low
CUST00195,Low,0.278888849,Low
CUST00196,Medium,0.321132268,Low
CUST00197,Low,0.268648958,Low
CUST00198,Low,0.240820015,Low
CUST00199,Low,0.343311632,Medium
CUST00200,Medium,0.577960697,Medium
CUST00201,Medium,0.42289138,Medium
CUST00202,Low,0.201582609,Low
CUST00203,High,0.642427334,Medium
CUST00204,High,0.795253524,High
CUST00205,Low,0.165607525,Low
CUST00206,High,0.732611996,High
CUST00207,Medium,0.342168818,Medium
CUST00208,High,0.44752641,Medium
CUST00209,Low,0.397539785,Medium
CUST00210,Low,0.471545718,Medium
CUST00211,Low,0.223092031,Low
CUST00212,Low,0.193109074,Low
CUST00213,Low,0.753387864,High
CUST00214,Low,0.492474317,Medium
CUST00215,High,0.555917071,Medium
CUST00216,High,0.926779547,High
CUST00217,Medium,0.366785061,Medium
CUST00218,High,0.671795962,High
CUST00219,Low,0.184905543,Low
CUST00220,High,0.609152763,Medium
CUST00221,Low,0.196989629,Low
CUST00222,Medium,0.357687823,Medium
CUST00223,Medium,0.506206824,Medium
CUST00224,Medium,0.588788316,Medium
CUST00225,Low,0.227638327,Low
CUST00226,Low,0.229010346,Low
CUST00227,Low,0.319289766,Low
CUST00228,Medium,0.411448863,Medium
CUST00229,High,0.915737245,High
CUST00230,High,0.522484298,Medium
CUST00231,High,0.790332634,High
CUST00232,Low,0.186039863,Low
CUST00233,High,0.437593666,Medium
CUST00234,High,0.556159063,Medium
CUST00235,Low,0.318754528,Low
CUST00236,High,0.686750694,High
CUST00237,Medium,0.252054207,Low
CUST00238,Low,0.515058926,Medium
CUST00239,Medium,0.495847379,Medium
CUST00240,Low,0.193098238,Low
CUST00241,Medium,0.207892333,Low
CUST00242,Medium,0.552970372,Medium
CUST00243,Medium,0.573704744,Medium
CUST00244,Medium,0.387738163,Medium
CUST00245,Low,0.227319889,Low
CUST00246,High,0.475282666,Medium
CUST00247,High,0.628417161,Medium
CUST00248,High,0.523828736,Medium
CUST00249,Medium,0.421533419,Medium
CUST00250,Low,0.351992144,Medium
CUST00251,Low,0.228253654,Low
CUST00252,Low,0.443377122,Medium
CUST00253,High,0.650461096,Medium
CUST00254,Medium,0.320559585,Low
CUST00255,Low,0.155740792,Low
CUST00256,Medium,0.403622019,Medium
CUST00257,Low,0.221297239,Low
CUST00258,Low,0.199566398,Low
CUST00259,High,0.380722474,Medium
CUST00260,High,0.822721768,High
CUST00261,Medium,0.470212875,Medium
CUST00262,Low,0.283164616,Low
CUST00263,Low,0.155362176,Low
CUST00264,Low,0.682554971,High
CUST00265,Low,0.336546323,Medium
CUST00266,Low,0.657470632,Medium
CUST00267,Medium,0.698718979,High
CUST00268,Low,0.366330185,Medium
CUST00269,High,0.748608708,High
CUST00270,Low,0.238404638,Low
CUST00271,High,0.518955846,Medium
CUST00272,Low,0.182361203,Low
CUST00273,Low,0.134643315,Low
CUST00274,Medium,0.355572082,Medium
CUST00275,Medium,0.401097131,Medium
CUST00276,Medium,0.447431108,Medium
CUST00277,Medium,0.338092414,Medium
CUST00278,Low,0.363609542,Medium
CUST00279,High,0.899001093,High
CUST00280,High,0.913357479,High
CUST00281,Medium,0.364683871,Medium
CUST00282,High,0.343000839,Medium
CUST00283,Low,0.24359322,Low
CUST00284,Medium,0.227608143,Low
CUST00285,Low,0.214749497,Low
CUST00286,Medium,0.223734793,Low
CUST00287,Low,0.416923906,Medium
CUST00288,Medium,0.172423988,Low
CUST00289,High,0.699404303,High
CUST00290,Medium,0.591810206,Medium
CUST00291,Low,0.214619846,Low
CUST00292,Low,0.43533632,Medium
CUST00293,Low,0.305708013,Low
CUST00294,Medium,0.414094203,Medium
CUST00295,High,0.738342957,High
CUST00296,Low,0.293341878,Low
CUST00297,Medium,0.38073482,Medium
CUST00298,Medium,0.178730327,Low
CUST00299,Low,0.196776348,Low
CUST00300,High,0.787319964,High
CUST00301,Medium,0.276121693,Low
CUST00302,Low,0.216987359,Low
CUST00303,Low,0.594375419,Medium
CUST00304,Medium,0.656198791,Medium
CUST00305,Low,0.293506555,Low
CUST00306,Low,0.170473056,Low
CUST00307,Medium,0.358294563,Medium
CUST00308,Low,0.429908431,Medium
CUST00309,Low,0.365613957,Medium
CUST00310,Low,0.4347395,Medium
CUST00311,Low,0.629311319,Medium
CUST00312,Low,0.249898727,Low
CUST00313,Low,0.335427435,Medium
CUST00314,Low,0.340016883,Medium
CUST00315,Low,0.220152325,Low
CUST00316,Medium,0.278714843,Low
CUST00317,Low,0.167888967,Low
CUST00318,Low,0.342350084,Medium
CUST00319,High,0.403192025,Medium
CUST00320,Low,0.203869704,Low
CUST00321,Low,0.302477375,Low
CUST00322,High,0.462520559,Medium
CUST00323,Low,0.567142918,Medium
CUST00324,High,0.911979381,High
CUST00325,Low,0.306951932,Low
CUST00326,Low,0.496314321,Medium
CUST00327,Medium,0.665134203,High
CUST00328,Low,0.15199511,Low
CUST00329,Low,0.259992899,Low
CUST00330,Medium,0.19058647,Low
CUST00331,High,0.652100589,Medium
CUST00332,Low,0.173801688,Low
CUST00333,Low,0.436930933,Medium
CUST00334,Low,0.157357173,Low
CUST00335,Medium,0.723292798,High
CUST00336,Medium,0.333844948,Medium
CUST00337,High,0.378291095,Medium
CUST00338,Low,0.282499214,Low
CUST00339,High,0.605718277,Medium
CUST00340,High,0.666478495,High
CUST00341,Low,0.240553,Low
CUST00342,Low,0.248557334,Low
CUST00343,Medium,0.650650234,Medium
CUST00344,Low,0.371174675,Medium
CUST00345,Medium,0.4311297,Medium
CUST00346,Low,0.182431768,Low
CUST00347,Low,0.329215831,Low
CUST00348,High,0.909580828,High
CUST00349,High,0.88410208,High
CUST00350,High,0.820302581,High
CUST00351,Low,0.36100719,Medium
CUST00352,High,0.667908598,High
CUST00353,High,0.698348302,High
CUST00354,High,0.705975047,High
CUST00355,Medium,0.468866721,Medium
CUST00356,Medium,0.465593212,Medium
CUST00357,Medium,0.560524944,Medium
CUST00358,High,0.761849809,High
CUST00359,Low,0.241402069,Low
CUST00360,Low,0.503226974,Medium
CUST00361,Low,0.169095803,Low
CUST00362,Low,0.292748218,Low
CUST00363,High,0.43426028,Medium
CUST00364,Low,0.284556621,Low
CUST00365,Low,0.622123632,Medium
CUST00366,Low,0.240670978,Low
CUST00367,Medium,0.279021569,Low
CUST00368,High,0.776757007,High
CUST00369,Low,0.272357113,Low
CUST00370,High,0.722236953,High
CUST00372,Medium,0.18055218,Low
CUST00373,Medium,0.538214636,Medium
CUST00374,Low,0.211281476,Low
CUST00375,Low,0.165633041,Low
CUST00376,Low,0.527268728,Medium
CUST00377,Low,0.210094656,Low
CUST00378,Low,0.221484142,Low
CUST00379,Low,0.515428009,Medium
CUST00380,Low,0.207575619,Low
CUST00381,Low,0.127024301,Low
CUST00382,Low,0.470193385,Medium
CUST00383,High,0.641813453,Medium
CUST00384,Low,0.175489619,Low
CUST00385,Medium,0.25401876,Low
CUST00386,Low,0.203520089,Low
CUST00387,Low,0.418427543,Medium
CUST00388,Low,0.214837148,Low
CUST00389,High,0.416044673,Medium
CUST00390,Medium,0.391541105,Medium
CUST00393,Medium,0.456134071,Medium
CUST00394,High,0.815677169,High
CUST00395,High,0.412426167,Medium
CUST00396,High,0.878061314,High
CUST00397,High,0.675365739,High
CUST00398,Low,0.49128663,Medium
CUST00399,Low,0.298572605,Low
CUST00400,Medium,0.465212176,Medium
CUST00401,High,0.848953942,High
CUST00402,Medium,0.48263414,Medium
CUST00403,Low,0.351197783,Medium
CUST00404,High,0.778090937,High
CUST00405,Medium,0.289299284,Low
CUST00406,Medium,0.194044087,Low
CUST00407,Medium,0.205677604,Low
CUST00408,Low,0.243838386,Low
CUST00409,High,0.813950683,High
CUST00410,High,0.566967759,Medium
CUST00411,High,0.720912298,High
CUST00412,Low,0.177301153,Low
CUST00413,High,0.668510726,High
CUST00414,Low,0.187065475,Low
CUST00415,Low,0.255951155,Low
CUST00416,Low,0.509550319,Medium
CUST00417,Low,0.413653634,Medium
CUST00418,High,0.29403435,Low
CUST00419,Medium,0.513226171,Medium
CUST00420,Low,0.265025828,Low
CUST00421,High,0.830244593,High
CUST00422,Medium,0.363762877,Medium
CUST00423,Low,0.404084355,Medium
CUST00424,High,0.643354806,Medium
CUST00425,Medium,0.249332013,Low
CUST00426,Low,0.287264103,Low
CUST00427,Medium,0.506526304,Medium
CUST00428,Low,0.227886761,Low
CUST00429,Medium,0.47903981,Medium
CUST00430,Low,0.647829779,Medium
CUST00431,High,0.717500825,High
CUST00432,Low,0.158458852,Low
CUST00433,High,0.876163235,High
CUST00434,High,0.266027431,Low
CUST00435,Low,0.308464357,Low
CUST00437,Low,0.341731447,Medium
CUST00438,Medium,0.19736477,Low
CUST00439,High,0.607867619,Medium
CUST00440,Medium,0.481677574,Medium
CUST00441,Low,0.185045005,Low
CUST00442,Medium,0.49722611,Medium
CUST00443,High,0.677295176,High
CUST00444,Medium,0.363200959,Medium
CUST00445,Low,0.199934733,Low
CUST00446,Low,0.310776392,Low
CUST00447,High,0.657659685,Medium
CUST00448,Low,0.315194942,Low
CUST00449,Medium,0.245278104,Low
CUST00450,Medium,0.398849811,Medium
CUST00451,Low,0.495771723,Medium
CUST00452,Low,0.131931596,Low
CUST00453,Low,0.562675083,Medium
CUST00454,High,0.503753648,Medium
CUST00455,High,0.792002673,High
CUST00456,Low,0.228029188,Low
CUST00457,High,0.792045856,High
CUST00458,Medium,0.668140171,High
CUST00459,High,0.816313074,High
CUST00460,Low,0.296732457,Low
CUST00461,Low,0.206985555,Low
CUST00462,Low,0.297320928,Low
CUST00463,Medium,0.229161613,Low
CUST00464,Low,0.648064832,Medium
CUST00465,High,0.71966221,High
CUST00466,High,0.893819716,High
CUST00467,High,0.675538973,High
CUST00468,Medium,0.181184319,Low
CUST00469,Medium,0.236416414,Low
CUST00470,High,0.83309634,High
CUST00471,Medium,0.275814314,Low
CUST00472,Low,0.233864259,Low
CUST00473,Medium,0.737316745,High
CUST00474,Medium,0.279783754,Low
CUST00475,Medium,0.362014434,Medium
CUST00476,Low,0.393202769,Medium
CUST00477,Medium,0.261482719,Low
CUST00478,High,0.724418767,High
CUST00479,Low,0.547346581,Medium
CUST00480,High,0.396659728,Medium
CUST00481,High,0.862256271,High
CUST00482,Low,0.274227695,Low
CUST00483,High,0.644168395,Medium
CUST00484,Medium,0.552587056,Medium
CUST00485,Medium,0.23202407,Low
CUST00486,High,0.691911541,High
CUST00487,Low,0.248812217,Low
CUST00488,High,0.701560639,High
CUST00489,High,0.478943162,Medium
CUST00490,Low,0.301759837,Low
CUST00491,Medium,0.319476569,Low
CUST00492,Low,0.152454237,Low
CUST00493,Medium,0.200482249,Low
CUST00494,Medium,0.504528692,Medium
CUST00495,Medium,0.25295286,Low
CUST00496,Low,0.32577511,Low
CUST00497,Low,0.180271424,Low
CUST00498,Low,0.357593523,Medium
CUST00499,High,0.736884072,High
CUST00500,Medium,0.450306711,Medium
CUST00501,Low,0.36308582,Medium
CUST00502,Low,0.474562644,Medium
CUST00503,Medium,0.679944635,High
CUST00504,High,0.465017617,Medium
CUST00505,Medium,0.405454468,Medium
CUST00506,High,0.928267764,High
CUST00507,High,0.743833578,High
CUST00508,Medium,0.281735672,Low
CUST00509,Low,0.198118519,Low
CUST00510,Low,0.174880049,Low
CUST00511,Low,0.290647665,Low
CUST00512,Low,0.382496077,Medium
CUST00513,High,0.314463477,Low
CUST00514,Medium,0.344602852,Medium
CUST00515,Low,0.183551249,Low
CUST00516,Medium,0.554169301,Medium
CUST00517,High,0.711028552,High
CUST00518,High,0.734786198,High
CUST00519,Low,0.202819616,Low
CUST00520,Low,0.411611395,Medium
CUST00521,High,0.801338833,High
CUST00522,Low,0.189407935,Low
CUST00523,High,0.750800908,High
CUST00524,Low,0.236874767,Low
CUST00525,High,0.672275792,High
CUST00526,Low,0.2193275,Low
CUST00527,High,0.567182959,Medium
CUST00528,High,0.55215391,Medium
CUST00529,Low,0.179389889,Low
CUST00530,Medium,0.240029402,Low
CUST00531,High,0.609541996,Medium
CUST00532,Low,0.432986681,Medium
CUST00533,Medium,0.433907856,Medium
CUST00534,High,0.564664846,Medium
CUST00535,High,0.64195656,Medium
CUST00536,High,0.686643501,High
CUST00537,Low,0.206878608,Low
CUST00538,Medium,0.436544747,Medium
CUST00539,Low,0.249197862,Low
CUST00540,Medium,0.359104793,Medium
CUST00541,Low,0.361465971,Medium
CUST00542,High,0.718932606,High
CUST00543,Low,0.13250805,Low
CUST00544,High,0.562538092,Medium
CUST00545,Low,0.611904922,Medium
CUST00546,Medium,0.684898566,High
CUST00547,High,0.884890487,High
CUST00548,Low,0.199895433,Low
CUST00549,High,0.883257476,High
CUST00550,High,0.757202916,High
CUST00551,Low,0.255025473,Low
CUST00552,Low,0.171363274,Low
CUST00553,Low,0.265935442,Low
CUST00554,Low,0.271826613,Low
CUST00555,Low,0.188755419,Low
CUST00556,High,0.775850429,High
CUST00557,Medium,0.349420407,Medium
CUST00558,Low,0.301163559,Low
CUST00559,Low,0.332803411,Medium
CUST00560,Low,0.210356636,Low
CUST00561,Low,0.296739157,Low
CUST00562,Medium,0.43670288,Medium
CUST00563,Medium,0.278731152,Low
CUST00564,Low,0.155901141,Low
CUST00565,High,0.707374317,High
CUST00566,Low,0.544327625,Medium
CUST00567,Medium,0.19565498,Low
CUST00568,Low,0.255319824,Low
CUST00569,High,0.612350238,Medium
CUST00570,Low,0.249307934,Low
CUST00571,Medium,0.264389051,Low
CUST00572,High,0.445102939,Medium
CUST00573,High,0.349029107,Medium
CUST00574,Medium,0.225270955,Low
CUST00575,High,0.700253876,High
CUST00576,Low,0.280852357,Low
CUST00577,Low,0.392436195,Medium
CUST00578,Medium,0.23244488,Low
CUST00579,Medium,0.201459227,Low
CUST00580,Low,0.142855081,Low
CUST00581,Medium,0.573352119,Medium
CUST00582,Medium,0.403514855,Medium
CUST00583,Low,0.447775953,Medium
CUST00584,Low,0.31185915,Low
CUST00585,High,0.376366061,Medium
CUST00586,High,0.623395928,Medium
CUST00587,Medium,0.397858745,Medium
CUST00588,High,0.725433699,High
CUST00589,Medium,0.621446275,Medium
CUST00590,Medium,0.235446666,Low
CUST00591,Low,0.315781675,Low
CUST00592,Medium,0.310696988,Low
CUST00593,Low,0.208428765,Low
CUST00594,High,0.691513984,High
CUST00595,High,0.858941538,High
CUST00596,Low,0.448829773,Medium
CUST00597,Medium,0.564125465,Medium
CUST00598,Medium,0.334127291,Medium
CUST00599,Low,0.141653415,Low
CUST00600,Low,0.433353217,Medium
CUST00601,High,0.341089387,Medium
CUST00602,High,0.695072559,High
CUST00603,Low,0.447427342,Medium
CUST00604,Low,0.302041718,Low
CUST00605,Medium,0.567488262,Medium
CUST00607,Low,0.236524242,Low
CUST00608,Medium,0.530014439,Medium
CUST00609,Low,0.436701373,Medium
CUST00610,Medium,0.369403529,Medium
CUST00611,Low,0.209014962,Low
CUST00612,Low,0.485308324,Medium
CUST00613,Medium,0.552089324,Medium
CUST00614,Low,0.309025766,Low
CUST00615,High,0.609778232,Medium
CUST00616,High,0.804047949,High
CUST00617,Low,0.334143449,Medium
CUST00618,High,0.694149627,High
CUST00619,Low,0.369047611,Medium
CUST00620,High,0.910635069,High
CUST00621,Low,0.419777244,Medium
CUST00622,Medium,0.423250344,Medium
CUST00623,Low,0.399317185,Medium
CUST00624,Low,0.262738008,Low
CUST00625,Medium,0.611884956,Medium
CUST00626,Low,0.281022711,Low
CUST00627,Low,0.543890537,Medium
CUST00628,Low,0.219058259,Low
CUST00629,High,0.415695473,Medium
CUST00630,Medium,0.572152908,Medium
CUST00631,Low,0.146078333,Low
CUST00632,Low,0.139381296,Low
CUST00633,High,0.839132573,High
CUST00634,Medium,0.208695689,Low
CUST00635,High,0.331977553,Medium
CUST00636,High,0.357967886,Medium
CUST00637,High,0.309438151,Low
CUST00638,Low,0.248052154,Low
CUST00639,Low,0.22068675,Low
CUST00640,High,0.928265758,High
CUST00641,Medium,0.241393862,Low
CUST00642,Low,0.37994271,Medium
CUST00643,High,0.867588822,High
CUST00644,High,0.855217002,High
CUST00645,Medium,0.466907022,Medium
CUST00646,Low,0.268853278,Low
CUST00647,High,0.586210017,Medium
CUST00648,High,0.779364186,High
CUST00649,Low,0.363825738,Medium
CUST00650,Low,0.235262059,Low
CUST00651,Medium,0.188045142,Low
CUST00652,High,0.504260102,Medium
CUST00653,Low,0.220321115,Low
CUST00654,Low,0.158664136,Low
CUST00655,Low,0.25623503,Low
CUST00656,High,0.482463833,Medium
CUST00657,High,0.647290612,Medium
CUST00658,High,0.827545657,High
CUST00659,Low,0.378400224,Medium
CUST00660,High,0.816870817,High
CUST00661,High,0.613788806,Medium
CUST00662,Medium,0.449546012,Medium
CUST00663,Low,0.253947455,Low
CUST00664,Medium,0.536074129,Medium
CUST00665,Medium,0.279620276,Low
CUST00666,Low,0.289926401,Low
CUST00667,Low,0.273589974,Low
CUST00668,Medium,0.31202751,Low
CUST00669,Medium,0.719383855,High
CUST00670,Low,0.73934491,High
CUST00671,Low,0.291746803,Low
CUST00672,Low,0.320561904,Low
CUST00673,Low,0.539491863,Medium
CUST00674,Low,0.157676504,Low
CUST00675,Medium,0.582007013,Medium
CUST00676,Medium,0.629817866,Medium
CUST00677,Low,0.271178017,Low
CUST00678,Low,0.451790695,Medium
CUST00679,Low,0.403825319,Medium
CUST00680,Medium,0.274599667,Low
CUST00681,Medium,0.295463763,Low
CUST00682,High,0.615160129,Medium
CUST00683,Low,0.342026578,Medium
CUST00684,Medium,0.242943044,Low
CUST00685,Medium,0.501789986,Medium
CUST00686,Low,0.176127678,Low
CUST00687,Low,0.1863934,Low
CUST00688,Medium,0.388680564,Medium
CUST00689,Low,0.170059899,Low
CUST00690,Low,0.207371262,Low
CUST00691,Low,0.374944741,Medium
CUST00692,Medium,0.53521369,Medium
CUST00693,Medium,0.307123072,Low
CUST00694,Medium,0.170174178,Low
CUST00695,High,0.682150484,High
CUST00696,High,0.917390533,High
CUST00697,Medium,0.175447431,Low
CUST00699,Low,0.234750874,Low
CUST00700,Low,0.179477233,Low
CUST00701,Low,0.170467678,Low
CUST00702,Low,0.723868852,High
CUST00703,High,0.631167699,Medium
CUST00704,Medium,0.383374357,Medium
CUST00705,Low,0.251015226,Low
CUST00706,Medium,0.182346027,Low
CUST00707,Low,0.226378941,Low
CUST00708,Low,0.210765832,Low
CUST00709,Low,0.428812389,Medium
CUST00710,Medium,0.264601537,Low
CUST00711,High,0.440650451,Medium
CUST00712,Low,0.307927,Low
CUST00713,High,0.821484943,High
CUST00714,High,0.699885833,High
CUST00715,Low,0.2383239,Low
CUST00716,Medium,0.564035808,Medium
CUST00717,Low,0.680421977,High
CUST00718,Low,0.311004538,Low
CUST00719,Medium,0.155222266,Low
CUST00720,Low,0.204378927,Low
CUST00721,Medium,0.478556835,Medium
CUST00722,Low,0.438156244,Medium
CUST00723,Medium,0.418644084,Medium
CUST00724,Medium,0.666524577,High
CUST00725,High,0.417375057,Medium
CUST00726,Medium,0.260795614,Low
CUST00727,Medium,0.406282786,Medium
CUST00728,High,0.5099124,Medium
CUST00729,High,0.552604633,Medium
CUST00730,Low,0.165868223,Low
CUST00731,High,0.424498121,Medium
CUST00732,Low,0.306347255,Low
CUST00733,Low,0.217237577,Low
CUST00734,High,0.720182817,High
CUST00735,Medium,0.241377696,Low
CUST00736,Medium,0.470825584,Medium
CUST00737,Low,0.389945648,Medium
CUST00738,High,0.550272138,Medium
CUST00739,Low,0.310202254,Low
CUST00740,Medium,0.446542129,Medium
CUST00741,High,0.692575523,High
CUST00742,Medium,0.433155917,Medium
CUST00743,Low,0.478118794,Medium
CUST00744,Medium,0.596231782,Medium
CUST00745,Low,0.18948897,Low
CUST00746,Medium,0.373690793,Medium
CUST00747,High,0.579645628,Medium
CUST00748,Low,0.163237311,Low
CUST00749,Low,0.648132299,Medium
CUST00750,Medium,0.491525711,Medium
CUST00751,Low,0.709751305,High
CUST00752,Low,0.524640301,Medium
CUST00753,Low,0.141069786,Low
CUST00754,Low,0.247621167,Low
CUST00755,Medium,0.597730539,Medium
CUST00756,Medium,0.545806648,Medium
CUST00757,High,0.621203398,Medium
CUST00758,Medium,0.200761256,Low
CUST00759,High,0.429973369,Medium
CUST00760,Medium,0.449846571,Medium
CUST00761,High,0.569161511,Medium
CUST00762,High,0.392517726,Medium
CUST00763,High,0.765925141,High
CUST00764,Low,0.252873134,Low
CUST00765,Medium,0.236466168,Low
CUST00766,Low,0.208682142,Low
CUST00767,High,0.589730818,Medium
CUST00768,Low,0.357138663,Medium
CUST00769,Medium,0.432551387,Medium
CUST00770,Low,0.375339149,Medium
CUST00771,Low,0.256988544,Low
CUST00772,Medium,0.240037872,Low
CUST00773,Medium,0.584832165,Medium
CUST00774,Medium,0.359139744,Medium
CUST00775,Low,0.376717784,Medium
CUST00776,Low,0.245994965,Low
CUST00777,Medium,0.444212191,Medium
CUST00778,Low,0.240233902,Low
CUST00779,High,0.518544741,Medium
CUST00780,Medium,0.367637484,Medium
CUST00781,High,0.691849461,High
CUST00782,Low,0.148814526,Low
CUST00783,Low,0.330723202,Medium
CUST00784,Low,0.631432718,Medium
CUST00785,Low,0.137742561,Low
CUST00786,Low,0.166820427,Low
CUST00787,High,0.764719344,High
CUST00788,Low,0.210325512,Low
CUST00789,Medium,0.516347556,Medium
CUST00790,Medium,0.20253399,Low
CUST00791,High,0.804454536,High
CUST00792,High,0.661888106,High
CUST00793,Medium,0.497571926,Medium
CUST00794,Medium,0.226606609,Low
CUST00795,High,0.665375803,High
CUST00796,High,0.639859962,Medium
CUST00797,Low,0.276478643,Low
CUST00798,Low,0.204315092,Low
CUST00799,Medium,0.659865987,Medium
CUST00800,High,0.45254437,Medium
CUST00801,Medium,0.249774917,Low
CUST00803,High,0.73533177,High
CUST00804,Medium,0.23025554,Low
CUST00805,Medium,0.206357249,Low
CUST00806,Low,0.566432392,Medium
CUST00807,High,0.667791956,High
CUST00808,Low,0.21091174,Low
CUST00809,High,0.400493722,Medium
CUST00810,High,0.905094974,High
CUST00811,Medium,0.61333665,Medium
CUST00812,High,0.851255295,High
CUST00813,High,0.877073602,High
CUST00814,Low,0.271326191,Low
CUST00815,Medium,0.284261371,Low
CUST00816,Medium,0.32007458,Low
CUST00817,Low,0.564965574,Medium
CUST00818,Low,0.347788507,Medium
CUST00819,Low,0.296034807,Low
CUST00820,High,0.808189186,High
CUST00822,Low,0.197689514,Low
CUST00823,High,0.573720107,Medium
CUST00824,High,0.744928783,High
CUST00825,High,0.836338795,High
CUST00826,High,0.639912499,Medium
CUST00827,Low,0.363091179,Medium
CUST00828,Medium,0.475599303,Medium
CUST00829,High,0.277256307,Low
CUST00830,Low,0.224906462,Low
CUST00831,Low,0.182723706,Low
CUST00832,High,0.64013429,Medium
CUST00833,High,0.578530591,Medium
CUST00834,Low,0.376081617,Medium
CUST00835,Low,0.228968291,Low
CUST00836,Medium,0.265358798,Low
CUST00837,Low,0.525859984,Medium
CUST00839,Low,0.190609187,Low
CUST00840,Medium,0.332897436,Medium
CUST00841,Low,0.184886149,Low
CUST00842,High,0.895839142,High
CUST00843,Low,0.376585848,Medium
CUST00844,High,0.682040076,High
CUST00845,Medium,0.418147074,Medium
CUST00846,Low,0.189554911,Low
CUST00847,Low,0.249266377,Low
CUST00848,Low,0.195854308,Low
CUST00849,Low,0.367957075,Medium
CUST00850,High,0.615854296,Medium
CUST00851,Low,0.607813019,Medium
CUST00852,Medium,0.661506639,High
CUST00853,Medium,0.48051642,Medium
CUST00854,Low,0.468768881,Medium
CUST00855,Low,0.354760784,Medium
CUST00856,Low,0.177412812,Low
CUST00857,Medium,0.463338288,Medium
CUST00858,Low,0.187590656,Low
CUST00859,Medium,0.493869928,Medium
CUST00860,Medium,0.237443469,Low
CUST00861,Low,0.292318534,Low
CUST00862,High,0.755594933,High
CUST00863,Low,0.162429805,Low
CUST00864,Low,0.220839315,Low
CUST00865,High,0.761504074,High
CUST00866,Low,0.381561151,Medium
CUST00867,Low,0.24625013,Low
CUST00868,High,0.657141498,Medium
CUST00869,Medium,0.339981762,Medium
CUST00870,High,0.549513376,Medium
CUST00871,Low,0.353507622,Medium
CUST00872,Medium,0.238914071,Low
CUST00873,High,0.503251258,Medium
CUST00874,Low,0.179775344,Low
CUST00875,Medium,0.172610737,Low
CUST00876,Low,0.591129194,Medium
CUST00877,High,0.698337001,High
CUST00878,Low,0.261516083,Low
CUST00879,High,0.891404317,High
CUST00880,Medium,0.437291079,Medium
CUST00881,Medium,0.260232741,Low
CUST00882,Low,0.225878032,Low
CUST00883,Medium,0.51151018,Medium
CUST00884,Low,0.46862944,Medium
CUST00885,Low,0.277718827,Low
CUST00886,Low,0.240415132,Low
CUST00887,High,0.684051055,High
CUST00888,Medium,0.46680652,Medium
CUST00889,High,0.762435952,High
CUST00890,Low,0.44721606,Medium
CUST00891,High,0.551168292,Medium
CUST00892,Medium,0.408641173,Medium
CUST00893,Low,0.362895214,Medium
CUST00894,Low,0.197344357,Low
CUST00895,High,0.784036675,High
CUST00896,High,0.457428456,Medium
CUST00897,Medium,0.214500606,Low
CUST00898,Medium,0.389323742,Medium
CUST00899,Low,0.247267267,Low
CUST00900,High,0.791075133,High
CUST00901,High,0.537457482,Medium
CUST00902,Low,0.225040675,Low
CUST00903,High,0.425783659,Medium
CUST00904,High,0.813213296,High
CUST00905,Low,0.36612331,Medium
CUST00906,Low,0.212691697,Low
CUST00907,High,0.693149875,High
CUST00908,Low,0.396664965,Medium
CUST00909,Low,0.265375783,Low
CUST00910,Low,0.219627643,Low
CUST00911,Medium,0.221989586,Low
CUST00912,Low,0.426688851,Medium
CUST00913,Medium,0.214310635,Low
CUST00914,Medium,0.535753096,Medium
CUST00915,Medium,0.433869825,Medium
CUST00916,High,0.774118303,High
CUST00917,Medium,0.43710289,Medium
CUST00918,High,0.707908129,High
CUST00919,Low,0.209393034,Low
CUST00920,Low,0.415476486,Medium
CUST00921,Low,0.218137629,Low
CUST00922,Low,0.153952653,Low
CUST00923,Low,0.199962742,Low
CUST00924,Medium,0.532427698,Medium
CUST00925,Medium,0.502944804,Medium
CUST00926,Low,0.520926495,Medium
CUST00927,Low,0.256771208,Low
CUST00928,Medium,0.361208467,Medium
CUST00929,Low,0.227094508,Low
CUST00930,Medium,0.473185212,Medium
CUST00931,Low,0.174515138,Low
CUST00932,Medium,0.458764098,Medium
CUST00933,Low,0.352499374,Medium
CUST00934,Low,0.559379899,Medium
CUST00935,Low,0.218424324,Low
CUST00936,High,0.723340455,High
CUST00937,Low,0.133704865,Low
CUST00938,Low,0.295265608,Low
CUST00939,Low,0.192474824,Low
CUST00941,High,0.568964398,Medium
CUST00942,High,0.596578508,Medium
CUST00943,Low,0.197923732,Low
CUST00944,Medium,0.511346691,Medium
CUST00945,Medium,0.33716438,Medium
CUST00946,Low,0.245646423,Low
CUST00947,Low,0.668308956,High
CUST00948,Low,0.260632139,Low
CUST00949,Medium,0.269193207,Low
CUST00950,Medium,0.670162755,High
CUST00951,High,0.700032104,High
CUST00952,High,0.784358344,High
CUST00953,Medium,0.302955813,Low
CUST00954,Low,0.657421374,Medium
CUST00955,Low,0.686402161,High
CUST00956,Low,0.169336126,Low
CUST00957,Medium,0.49518801,Medium
CUST00958,Low,0.510344563,Medium
CUST00959,Medium,0.205993729,Low
CUST00960,Medium,0.460965045,Medium
CUST00961,High,0.716745049,High
CUST00962,Medium,0.37049168,Medium
CUST00963,High,0.611993473,Medium
CUST00964,Low,0.219687233,Low
CUST00965,High,0.626429272,Medium
CUST00966,High,0.594369612,Medium
CUST00967,Low,0.624331587,Medium
CUST00968,Low,0.169061367,Low
CUST00969,Low,0.303957692,Low
CUST00970,Low,0.283241983,Low
CUST00971,High,0.474784745,Medium
CUST00972,Medium,0.209514585,Low
CUST00973,High,0.291809196,Low
CUST00974,Medium,0.285274526,Low
CUST00975,High,0.662211095,High
CUST00976,Medium,0.229678078,Low
CUST00977,Low,0.351171478,Medium
CUST00978,High,0.504242687,Medium
CUST00979,Low,0.215493179,Low
CUST00980,Low,0.225049876,Low
CUST00981,High,0.692745713,High
CUST00982,Low,0.358878122,Medium
CUST00983,Low,0.405406594,Medium
CUST00984,Medium,0.380836463,Medium
CUST00985,Low,0.307603647,Low
CUST00986,Low,0.239863613,Low
CUST00987,Medium,0.296462592,Low
CUST00988,Low,0.363869609,Medium
CUST00989,High,0.788379177,High
CUST00990,Low,0.377907042,Medium
CUST00991,High,0.739407204,High
CUST00992,Low,0.629800284,Medium
CUST00993,Medium,0.389989751,Medium
CUST00994,Medium,0.487041192,Medium
CUST00995,Low,0.18455593,Low
CUST00996,Low,0.180605945,Low
CUST00997,Low,0.328173807,Low
CUST00998,Low,0.29421266,Low
CUST00999,Medium,0.355829139,Medium
CUST01000,Low,0.299696904,Low
CUST01001,Medium,0.311302632,Low
CUST01002,Low,0.164230917,Low
CUST01003,High,0.646797998,Medium
CUST01004,Medium,0.18133771,Low
CUST01005,Low,0.164829261,Low
CUST01006,Medium,0.264529589,Low
CUST01007,Medium,0.504296278,Medium
CUST01008,Medium,0.286978075,Low
CUST01009,Medium,0.263763429,Low